{"cameraMode":{"drawMode":0,"name":"Shaded","section":"Shading Mode"},"sceneLighting":false,"audioPlay":false,"sceneViewState":{"showFog":true,"showMaterialUpdate":false,"showSkybox":false,"showFlares":true,"showImageEffects":true,"showParticleSystems":true},"in2DMode":false,"pivot":{"x":-1.72263765335083,"y":0.35415393114089968,"z":0.012080550193786621},"rotation":{"x":0.012133197858929634,"y":-0.5878660678863525,"z":0.008818650618195534,"w":0.8088191151618958},"size":4.840156555175781,"orthographic":false}