{"cameraMode":{"drawMode":0,"name":"Shaded","section":"Shading Mode"},"sceneLighting":true,"audioPlay":false,"sceneViewState":{"showFog":true,"showMaterialUpdate":false,"showSkybox":true,"showFlares":true,"showImageEffects":true,"showParticleSystems":true},"in2DMode":false,"pivot":{"x":-0.4297543168067932,"y":1.0654393434524537,"z":0.0028160035144537689},"rotation":{"x":0.02558724768459797,"y":0.5827797651290894,"z":-0.0183634702116251,"w":0.8120214343070984},"size":2.6696763038635256,"orthographic":true}